-- MySQL Script generated by MySQL Workbench
-- 06/15/16 13:55:54
-- Model: New Model    Version: 1.0
-- MySQL Workbench Forward Engineering

SET @OLD_UNIQUE_CHECKS=@@UNIQUE_CHECKS, UNIQUE_CHECKS=0;
SET @OLD_FOREIGN_KEY_CHECKS=@@FOREIGN_KEY_CHECKS, FOREIGN_KEY_CHECKS=0;
SET @OLD_SQL_MODE=@@SQL_MODE, SQL_MODE='TRADITIONAL,ALLOW_INVALID_DATES';

-- -----------------------------------------------------
-- Schema HarryPotterDB
-- -----------------------------------------------------
DROP SCHEMA IF EXISTS `HarryPotterDB` ;

-- -----------------------------------------------------
-- Schema HarryPotterDB
-- -----------------------------------------------------
CREATE SCHEMA IF NOT EXISTS `HarryPotterDB` DEFAULT CHARACTER SET utf8 ;
USE `HarryPotterDB` ;

-- -----------------------------------------------------
-- Table `HarryPotterDB`.`Titles`
-- -----------------------------------------------------
DROP TABLE IF EXISTS `HarryPotterDB`.`Titles` ;

CREATE TABLE IF NOT EXISTS `HarryPotterDB`.`Titles` (
  `idTitles` INT NOT NULL AUTO_INCREMENT,
  `title` VARCHAR(200) NULL,
  `publishYear` INT NULL,
  PRIMARY KEY (`idTitles`))
ENGINE = InnoDB;


-- -----------------------------------------------------
-- Table `HarryPotterDB`.`Houses`
-- -----------------------------------------------------
DROP TABLE IF EXISTS `HarryPotterDB`.`Houses` ;

CREATE TABLE IF NOT EXISTS `HarryPotterDB`.`Houses` (
  `idHouses` INT NOT NULL AUTO_INCREMENT,
  `name` VARCHAR(200) NULL,
  PRIMARY KEY (`idHouses`))
ENGINE = InnoDB;


-- -----------------------------------------------------
-- Table `HarryPotterDB`.`Sides`
-- -----------------------------------------------------
DROP TABLE IF EXISTS `HarryPotterDB`.`Sides` ;

CREATE TABLE IF NOT EXISTS `HarryPotterDB`.`Sides` (
  `idSides` INT NOT NULL AUTO_INCREMENT,
  `side` ENUM('Good', 'Bad') NULL,
  PRIMARY KEY (`idSides`))
ENGINE = InnoDB;


-- -----------------------------------------------------
-- Table `HarryPotterDB`.`Spells`
-- -----------------------------------------------------
DROP TABLE IF EXISTS `HarryPotterDB`.`Spells` ;

CREATE TABLE IF NOT EXISTS `HarryPotterDB`.`Spells` (
  `idSpells` INT NOT NULL AUTO_INCREMENT,
  `spell` VARCHAR(200) NULL,
  PRIMARY KEY (`idSpells`))
ENGINE = InnoDB;


-- -----------------------------------------------------
-- Table `HarryPotterDB`.`Characters`
-- -----------------------------------------------------
DROP TABLE IF EXISTS `HarryPotterDB`.`Characters` ;

CREATE TABLE IF NOT EXISTS `HarryPotterDB`.`Characters` (
  `idCharacters` INT NOT NULL AUTO_INCREMENT,
  `name` VARCHAR(200) NULL,
  `houseID` INT NULL,
  `sideID` INT NULL,
  `spellID` INT NULL,
  PRIMARY KEY (`idCharacters`),
  INDEX `houseID_idx` (`houseID` ASC),
  INDEX `sideID_idx` (`sideID` ASC),
  INDEX `spellID_idx` (`spellID` ASC),
  CONSTRAINT `houseID`
    FOREIGN KEY (`houseID`)
    REFERENCES `HarryPotterDB`.`Houses` (`idHouses`)
    ON DELETE CASCADE
    ON UPDATE CASCADE,
  CONSTRAINT `sideID`
    FOREIGN KEY (`sideID`)
    REFERENCES `HarryPotterDB`.`Sides` (`idSides`)
    ON DELETE CASCADE
    ON UPDATE CASCADE,
  CONSTRAINT `spellID`
    FOREIGN KEY (`spellID`)
    REFERENCES `HarryPotterDB`.`Spells` (`idSpells`)
    ON DELETE CASCADE
    ON UPDATE CASCADE)
ENGINE = InnoDB;


-- -----------------------------------------------------
-- Table `HarryPotterDB`.`Appearances`
-- -----------------------------------------------------
DROP TABLE IF EXISTS `HarryPotterDB`.`Appearances` ;

CREATE TABLE IF NOT EXISTS `HarryPotterDB`.`Appearances` (
  `idAppearances` INT NOT NULL AUTO_INCREMENT,
  `bookID` INT NULL,
  `characterID` INT NULL,
  PRIMARY KEY (`idAppearances`),
  INDEX `bookID_idx` (`bookID` ASC),
  INDEX `characterID_idx` (`characterID` ASC),
  CONSTRAINT `bookID`
    FOREIGN KEY (`bookID`)
    REFERENCES `HarryPotterDB`.`Titles` (`idTitles`)
    ON DELETE CASCADE
    ON UPDATE CASCADE,
  CONSTRAINT `characterID`
    FOREIGN KEY (`characterID`)
    REFERENCES `HarryPotterDB`.`Characters` (`idCharacters`)
    ON DELETE CASCADE
    ON UPDATE CASCADE)
ENGINE = InnoDB;


-- -----------------------------------------------------
-- Table `HarryPotterDB`.`Horcruxes`
-- -----------------------------------------------------
DROP TABLE IF EXISTS `HarryPotterDB`.`Horcruxes` ;

CREATE TABLE IF NOT EXISTS `HarryPotterDB`.`Horcruxes` (
  `idHorcruxes` INT NOT NULL AUTO_INCREMENT,
  `discovererID` INT NULL,
  `name` VARCHAR(150) NULL,
  `order` INT NULL,
  PRIMARY KEY (`idHorcruxes`),
  CONSTRAINT `discovererID`
    FOREIGN KEY (`idHorcruxes`)
    REFERENCES `HarryPotterDB`.`Characters` (`idCharacters`)
    ON DELETE CASCADE
    ON UPDATE CASCADE)
ENGINE = InnoDB;


-- -----------------------------------------------------
-- Table `HarryPotterDB`.`Hallows`
-- -----------------------------------------------------
DROP TABLE IF EXISTS `HarryPotterDB`.`Hallows` ;

CREATE TABLE IF NOT EXISTS `HarryPotterDB`.`Hallows` (
  `idHallows` INT NOT NULL AUTO_INCREMENT,
  `name` VARCHAR(60) NULL,
  `ownerID` INT NULL,
  PRIMARY KEY (`idHallows`),
  INDEX `ownerID_idx` (`ownerID` ASC),
  CONSTRAINT `ownerID`
    FOREIGN KEY (`ownerID`)
    REFERENCES `HarryPotterDB`.`Characters` (`idCharacters`)
    ON DELETE CASCADE
    ON UPDATE CASCADE)
ENGINE = InnoDB;


SET SQL_MODE=@OLD_SQL_MODE;
SET FOREIGN_KEY_CHECKS=@OLD_FOREIGN_KEY_CHECKS;
SET UNIQUE_CHECKS=@OLD_UNIQUE_CHECKS;

-- -----------------------------------------------------
-- Data for table `HarryPotterDB`.`Titles`
-- -----------------------------------------------------
START TRANSACTION;
USE `HarryPotterDB`;
INSERT INTO `HarryPotterDB`.`Titles` (`idTitles`, `title`, `publishYear`) VALUES (1, 'Harry Potter and the Philosopher\'s Stone ', 1997);
INSERT INTO `HarryPotterDB`.`Titles` (`idTitles`, `title`, `publishYear`) VALUES (2, 'Harry Potter and the Chamber of Secrets', 1998);
INSERT INTO `HarryPotterDB`.`Titles` (`idTitles`, `title`, `publishYear`) VALUES (3, 'Harry Potter and the Prisoner of Azkaban', 1999);
INSERT INTO `HarryPotterDB`.`Titles` (`idTitles`, `title`, `publishYear`) VALUES (4, 'Harry Potter and the Goblet of Fire', 2000);
INSERT INTO `HarryPotterDB`.`Titles` (`idTitles`, `title`, `publishYear`) VALUES (5, 'Harry Potter and the Order of the Phoenix', 2003);
INSERT INTO `HarryPotterDB`.`Titles` (`idTitles`, `title`, `publishYear`) VALUES (6, 'Harry Potter and the Half-Blood Prince', 2005);
INSERT INTO `HarryPotterDB`.`Titles` (`idTitles`, `title`, `publishYear`) VALUES (7, 'Harry Potter and the Deathly Hallows ', 2007);

COMMIT;


-- -----------------------------------------------------
-- Data for table `HarryPotterDB`.`Houses`
-- -----------------------------------------------------
START TRANSACTION;
USE `HarryPotterDB`;
INSERT INTO `HarryPotterDB`.`Houses` (`idHouses`, `name`) VALUES (1, 'Gryffindor');
INSERT INTO `HarryPotterDB`.`Houses` (`idHouses`, `name`) VALUES (2, 'Hufflepuff');
INSERT INTO `HarryPotterDB`.`Houses` (`idHouses`, `name`) VALUES (3, 'Ravenclaw');
INSERT INTO `HarryPotterDB`.`Houses` (`idHouses`, `name`) VALUES (4, 'Slytherin');

COMMIT;


-- -----------------------------------------------------
-- Data for table `HarryPotterDB`.`Sides`
-- -----------------------------------------------------
START TRANSACTION;
USE `HarryPotterDB`;
INSERT INTO `HarryPotterDB`.`Sides` (`idSides`, `side`) VALUES (1, 'bad');
INSERT INTO `HarryPotterDB`.`Sides` (`idSides`, `side`) VALUES (2, 'good');

COMMIT;


-- -----------------------------------------------------
-- Data for table `HarryPotterDB`.`Spells`
-- -----------------------------------------------------
START TRANSACTION;
USE `HarryPotterDB`;
INSERT INTO `HarryPotterDB`.`Spells` (`idSpells`, `spell`) VALUES (1, 'Crucio');
INSERT INTO `HarryPotterDB`.`Spells` (`idSpells`, `spell`) VALUES (2, 'Expecto Patronum');
INSERT INTO `HarryPotterDB`.`Spells` (`idSpells`, `spell`) VALUES (3, 'Expelliarmus');
INSERT INTO `HarryPotterDB`.`Spells` (`idSpells`, `spell`) VALUES (4, 'Imperio');
INSERT INTO `HarryPotterDB`.`Spells` (`idSpells`, `spell`) VALUES (5, 'Lumos');
INSERT INTO `HarryPotterDB`.`Spells` (`idSpells`, `spell`) VALUES (6, 'Obliviate	');
INSERT INTO `HarryPotterDB`.`Spells` (`idSpells`, `spell`) VALUES (7, 'Point Me');
INSERT INTO `HarryPotterDB`.`Spells` (`idSpells`, `spell`) VALUES (8, 'Reparo');
INSERT INTO `HarryPotterDB`.`Spells` (`idSpells`, `spell`) VALUES (9, 'Sonorus');
INSERT INTO `HarryPotterDB`.`Spells` (`idSpells`, `spell`) VALUES (10, 'Stupefy');

COMMIT;


-- -----------------------------------------------------
-- Data for table `HarryPotterDB`.`Characters`
-- -----------------------------------------------------
START TRANSACTION;
USE `HarryPotterDB`;
INSERT INTO `HarryPotterDB`.`Characters` (`idCharacters`, `name`, `houseID`, `sideID`, `spellID`) VALUES (1, 'Ludo Bagman', NULL, 2, 9);
INSERT INTO `HarryPotterDB`.`Characters` (`idCharacters`, `name`, `houseID`, `sideID`, `spellID`) VALUES (2, 'Sirius Black', 1, 2, 6);
INSERT INTO `HarryPotterDB`.`Characters` (`idCharacters`, `name`, `houseID`, `sideID`, `spellID`) VALUES (3, 'Cho Chang', 2, NULL, NULL);
INSERT INTO `HarryPotterDB`.`Characters` (`idCharacters`, `name`, `houseID`, `sideID`, `spellID`) VALUES (4, 'Colin Creevey', 1, NULL, NULL);
INSERT INTO `HarryPotterDB`.`Characters` (`idCharacters`, `name`, `houseID`, `sideID`, `spellID`) VALUES (5, 'Bartemius \"Barty\" Crouch, Sr.', NULL, 2, 4);
INSERT INTO `HarryPotterDB`.`Characters` (`idCharacters`, `name`, `houseID`, `sideID`, `spellID`) VALUES (6, 'Bartemius \"Barty\" Crouch, Jr.', NULL, 1, 1);
INSERT INTO `HarryPotterDB`.`Characters` (`idCharacters`, `name`, `houseID`, `sideID`, `spellID`) VALUES (7, 'Cedric Diggory', 3, 2, 5);
INSERT INTO `HarryPotterDB`.`Characters` (`idCharacters`, `name`, `houseID`, `sideID`, `spellID`) VALUES (8, 'Dudley Dursley', NULL, NULL, NULL);
INSERT INTO `HarryPotterDB`.`Characters` (`idCharacters`, `name`, `houseID`, `sideID`, `spellID`) VALUES (9, 'Hermione Granger ', 1, 2, 8);
INSERT INTO `HarryPotterDB`.`Characters` (`idCharacters`, `name`, `houseID`, `sideID`, `spellID`) VALUES (10, 'Neville Longbottom ', 1, 2, NULL);
INSERT INTO `HarryPotterDB`.`Characters` (`idCharacters`, `name`, `houseID`, `sideID`, `spellID`) VALUES (11, 'Draco Malfoy', 4, 1, 4);
INSERT INTO `HarryPotterDB`.`Characters` (`idCharacters`, `name`, `houseID`, `sideID`, `spellID`) VALUES (12, 'Lucius Malfoy', 4, 1, 4);
INSERT INTO `HarryPotterDB`.`Characters` (`idCharacters`, `name`, `houseID`, `sideID`, `spellID`) VALUES (13, 'Narcissa Malfoy', 4, 1, 4);
INSERT INTO `HarryPotterDB`.`Characters` (`idCharacters`, `name`, `houseID`, `sideID`, `spellID`) VALUES (14, 'Minerva McGonagall', 1, 2, 10);
INSERT INTO `HarryPotterDB`.`Characters` (`idCharacters`, `name`, `houseID`, `sideID`, `spellID`) VALUES (15, 'Alastor \"Mad-Eye\" Moody ', NULL, 2, 1);
INSERT INTO `HarryPotterDB`.`Characters` (`idCharacters`, `name`, `houseID`, `sideID`, `spellID`) VALUES (16, 'Pansy Parkinson', 4, 1, 6);
INSERT INTO `HarryPotterDB`.`Characters` (`idCharacters`, `name`, `houseID`, `sideID`, `spellID`) VALUES (17, 'Harry Potter', 1, 2, 2);
INSERT INTO `HarryPotterDB`.`Characters` (`idCharacters`, `name`, `houseID`, `sideID`, `spellID`) VALUES (18, 'Lord Voldemort ', 4, 1, 4);
INSERT INTO `HarryPotterDB`.`Characters` (`idCharacters`, `name`, `houseID`, `sideID`, `spellID`) VALUES (19, 'Arthur Weasley', 1, 2, 8);
INSERT INTO `HarryPotterDB`.`Characters` (`idCharacters`, `name`, `houseID`, `sideID`, `spellID`) VALUES (20, 'Ron Weasley', 1, 2, 5);
INSERT INTO `HarryPotterDB`.`Characters` (`idCharacters`, `name`, `houseID`, `sideID`, `spellID`) VALUES (21, 'Dobby', NULL, NULL, NULL);

COMMIT;


-- -----------------------------------------------------
-- Data for table `HarryPotterDB`.`Appearances`
-- -----------------------------------------------------
START TRANSACTION;
USE `HarryPotterDB`;
INSERT INTO `HarryPotterDB`.`Appearances` (`idAppearances`, `bookID`, `characterID`) VALUES (1, 4, 1);
INSERT INTO `HarryPotterDB`.`Appearances` (`idAppearances`, `bookID`, `characterID`) VALUES (2, 3, 2);
INSERT INTO `HarryPotterDB`.`Appearances` (`idAppearances`, `bookID`, `characterID`) VALUES (3, 4, 2);
INSERT INTO `HarryPotterDB`.`Appearances` (`idAppearances`, `bookID`, `characterID`) VALUES (4, 5, 2);
INSERT INTO `HarryPotterDB`.`Appearances` (`idAppearances`, `bookID`, `characterID`) VALUES (5, 3, 3);
INSERT INTO `HarryPotterDB`.`Appearances` (`idAppearances`, `bookID`, `characterID`) VALUES (6, 4, 3);
INSERT INTO `HarryPotterDB`.`Appearances` (`idAppearances`, `bookID`, `characterID`) VALUES (7, 1, 4);
INSERT INTO `HarryPotterDB`.`Appearances` (`idAppearances`, `bookID`, `characterID`) VALUES (8, 4, 5);
INSERT INTO `HarryPotterDB`.`Appearances` (`idAppearances`, `bookID`, `characterID`) VALUES (9, 4, 6);
INSERT INTO `HarryPotterDB`.`Appearances` (`idAppearances`, `bookID`, `characterID`) VALUES (10, 3, 7);
INSERT INTO `HarryPotterDB`.`Appearances` (`idAppearances`, `bookID`, `characterID`) VALUES (11, 4, 7);
INSERT INTO `HarryPotterDB`.`Appearances` (`idAppearances`, `bookID`, `characterID`) VALUES (12, 1, 8);
INSERT INTO `HarryPotterDB`.`Appearances` (`idAppearances`, `bookID`, `characterID`) VALUES (13, 2, 8);
INSERT INTO `HarryPotterDB`.`Appearances` (`idAppearances`, `bookID`, `characterID`) VALUES (14, 3, 8);
INSERT INTO `HarryPotterDB`.`Appearances` (`idAppearances`, `bookID`, `characterID`) VALUES (15, 4, 8);
INSERT INTO `HarryPotterDB`.`Appearances` (`idAppearances`, `bookID`, `characterID`) VALUES (16, 5, 8);
INSERT INTO `HarryPotterDB`.`Appearances` (`idAppearances`, `bookID`, `characterID`) VALUES (17, 1, 9);
INSERT INTO `HarryPotterDB`.`Appearances` (`idAppearances`, `bookID`, `characterID`) VALUES (18, 2, 9);
INSERT INTO `HarryPotterDB`.`Appearances` (`idAppearances`, `bookID`, `characterID`) VALUES (19, 3, 9);
INSERT INTO `HarryPotterDB`.`Appearances` (`idAppearances`, `bookID`, `characterID`) VALUES (20, 4, 9);
INSERT INTO `HarryPotterDB`.`Appearances` (`idAppearances`, `bookID`, `characterID`) VALUES (21, 5, 9);
INSERT INTO `HarryPotterDB`.`Appearances` (`idAppearances`, `bookID`, `characterID`) VALUES (22, 6, 9);
INSERT INTO `HarryPotterDB`.`Appearances` (`idAppearances`, `bookID`, `characterID`) VALUES (23, 7, 9);
INSERT INTO `HarryPotterDB`.`Appearances` (`idAppearances`, `bookID`, `characterID`) VALUES (24, 4, 10);
INSERT INTO `HarryPotterDB`.`Appearances` (`idAppearances`, `bookID`, `characterID`) VALUES (25, 1, 10);
INSERT INTO `HarryPotterDB`.`Appearances` (`idAppearances`, `bookID`, `characterID`) VALUES (26, 1, 11);
INSERT INTO `HarryPotterDB`.`Appearances` (`idAppearances`, `bookID`, `characterID`) VALUES (27, 2, 11);
INSERT INTO `HarryPotterDB`.`Appearances` (`idAppearances`, `bookID`, `characterID`) VALUES (28, 3, 11);
INSERT INTO `HarryPotterDB`.`Appearances` (`idAppearances`, `bookID`, `characterID`) VALUES (29, 4, 11);
INSERT INTO `HarryPotterDB`.`Appearances` (`idAppearances`, `bookID`, `characterID`) VALUES (30, 5, 11);
INSERT INTO `HarryPotterDB`.`Appearances` (`idAppearances`, `bookID`, `characterID`) VALUES (31, 6, 11);
INSERT INTO `HarryPotterDB`.`Appearances` (`idAppearances`, `bookID`, `characterID`) VALUES (32, 7, 11);
INSERT INTO `HarryPotterDB`.`Appearances` (`idAppearances`, `bookID`, `characterID`) VALUES (33, 4, 15);
INSERT INTO `HarryPotterDB`.`Appearances` (`idAppearances`, `bookID`, `characterID`) VALUES (34, 1, 17);
INSERT INTO `HarryPotterDB`.`Appearances` (`idAppearances`, `bookID`, `characterID`) VALUES (35, 2, 17);
INSERT INTO `HarryPotterDB`.`Appearances` (`idAppearances`, `bookID`, `characterID`) VALUES (36, 3, 17);
INSERT INTO `HarryPotterDB`.`Appearances` (`idAppearances`, `bookID`, `characterID`) VALUES (37, 4, 17);
INSERT INTO `HarryPotterDB`.`Appearances` (`idAppearances`, `bookID`, `characterID`) VALUES (38, 5, 17);
INSERT INTO `HarryPotterDB`.`Appearances` (`idAppearances`, `bookID`, `characterID`) VALUES (39, 6, 17);
INSERT INTO `HarryPotterDB`.`Appearances` (`idAppearances`, `bookID`, `characterID`) VALUES (40, 7, 17);
INSERT INTO `HarryPotterDB`.`Appearances` (`idAppearances`, `bookID`, `characterID`) VALUES (, NULL, NULL);

COMMIT;


-- -----------------------------------------------------
-- Data for table `HarryPotterDB`.`Horcruxes`
-- -----------------------------------------------------
START TRANSACTION;
USE `HarryPotterDB`;
INSERT INTO `HarryPotterDB`.`Horcruxes` (`idHorcruxes`, `discovererID`, `name`, `order`) VALUES (5, 17, 'Riddle\'s diary', 2);
INSERT INTO `HarryPotterDB`.`Horcruxes` (`idHorcruxes`, `discovererID`, `name`, `order`) VALUES (6, 2, 'Ring', 3);
INSERT INTO `HarryPotterDB`.`Horcruxes` (`idHorcruxes`, `discovererID`, `name`, `order`) VALUES (7, 9, 'Slytherin\'s locket', 7);
INSERT INTO `HarryPotterDB`.`Horcruxes` (`idHorcruxes`, `discovererID`, `name`, `order`) VALUES (3, 17, 'Hufflepuff\'s cup', 4);
INSERT INTO `HarryPotterDB`.`Horcruxes` (`idHorcruxes`, `discovererID`, `name`, `order`) VALUES (1, 17, 'Diadem of Ravenclaw', 5);
INSERT INTO `HarryPotterDB`.`Horcruxes` (`idHorcruxes`, `discovererID`, `name`, `order`) VALUES (2, 17, 'Harry Potter', 1);
INSERT INTO `HarryPotterDB`.`Horcruxes` (`idHorcruxes`, `discovererID`, `name`, `order`) VALUES (4, 17, 'Nagini', 6);

COMMIT;


-- -----------------------------------------------------
-- Data for table `HarryPotterDB`.`Hallows`
-- -----------------------------------------------------
START TRANSACTION;
USE `HarryPotterDB`;
INSERT INTO `HarryPotterDB`.`Hallows` (`idHallows`, `name`, `ownerID`) VALUES (1, 'cloak', 17);
INSERT INTO `HarryPotterDB`.`Hallows` (`idHallows`, `name`, `ownerID`) VALUES (2, 'stone', 18);
INSERT INTO `HarryPotterDB`.`Hallows` (`idHallows`, `name`, `ownerID`) VALUES (3, 'wand', 18);

COMMIT;

